ticker,symbol,name,sector,price,per,pbv,div_yield,roe,net_margin,der,rev_growth,earn_growth,market_cap,hist_days,last_bar,avg_value_idr,ret_3m,ret_6m,above_sma50,above_sma200,rsi,debt_to_assets,nonhalal_ratio,sharia_status,last,ema_fast,ema_slow,sma200,atr,support,resist,rsi_t,signal,entry_lo,entry_hi,sl,tp1,tp2,tp3,risk_pct,cmf,data_completeness,s_value,s_quality,s_growth,s_momentum,s_liquidity,skor,kelayakan,sb_target,sb_upside,sb_rating,sb_flow,data_confidence,sb_tilt,macro_bias,theme,macro_tilt,saran,konfluensi,lot,risk_rp
MEDC,MEDC.JK,Medco Energi Internasional Tbk.,Energy,1495.0,5.980479,16797.752,4.2,0.067,0.1008,1.64,0.273,14.915,36966766739456,244,2026-09-28,78902240975.0,0.4103773584905661,-0.22538860103626945,1.0,1.0,54.44915531185495,0.44,0.014235467208551138,"OK (waspada, 44% menuju 33%)",1495.0,1488.4167131423487,1421.2229605247653,1449.75,67.53450750423075,1400.0,1645.0,54.44915531185495,TREND (tahan/add),1406.753450750423,1441.4833127760346,1252.3866917641885,1758.8954980459189,2096.5680355670725,2434.240573088226,0.11879646856974259,-0.3047761288962518,1.0,48.991232620504356,53.80616753715592,51.135577936542745,66.59214747516158,43.76883966650157,63.25344217490403,LAYAK,,,,,"beda:roe,net_margin,der",0.0,2.0,oil_gas,10.0,TAHAN,1,52,983302.4292615996
ELSA,ELSA.JK,Elnusa Tbk,Energy,680.0,6.0757685,0.9150005,6.1899999999999995,0.1506,0.0618,0.15,0.226,0.636,4962979938304,244,2026-09-28,16939041233.333334,0.2710280373831775,-0.08108108108108103,0.0,1.0,43.32264287966996,0.07,0.008792852655089042,SYARIAH OK,680.0,693.9169964499807,691.9988790371175,663.785,24.812365266019,660.0,775.0,43.32264287966996,BUY ZONE,679.592696404108,699.4425886169232,629.96796587207,816.0607053672126,940.1225316973076,1064.1843580274026,0.08964019313349252,-0.11352588013937176,1.0,63.63456730345499,58.685274091211305,45.09532945101027,48.39177217799647,34.87110946136056,62.2532806211215,LAYAK,,,,,"beda:der,debt_to_assets",0.0,2.0,oil_gas,10.0,TAHAN,2,143,993487.1052514017
AKRA,AKRA.JK,AKR Corporindo Tbk,Energy,1460.0,10.601989,2.2308092,7.17,0.2102,0.0433,0.38,0.604,0.253,28907663261696,243,2026-09-28,25815180175.0,0.20661157024793386,0.07749077490774914,1.0,1.0,51.32727415329387,0.12,0.006318726723911185,SYARIAH OK,1460.0,1467.1987535843996,1430.0265950596015,1347.8,40.75885369448035,1385.0,1560.0,51.32727415329387,BUY ZONE,1409.6471682123613,1442.2542511679455,1328.1294608234007,1633.8208635320032,1837.6151320044048,2041.4094004768065,0.07125541202396582,0.07356655359421768,1.0,64.08785437990434,58.5744818275386,57.30061949564231,76.94727198930211,39.83816339650086,60.62585588354263,LAYAK,,,,,"beda:der,debt_to_assets",0.0,0.0,distribution,0.0,TAHAN,3,87,992885.6759975402
BULL,BULL.JK,Buana Lintas Lautan Tbk.,Industrials,358.0,4.003131,21058.822,,0.1486,0.3232,0.59,1.768,32.139,5547008458752,243,2026-09-28,174596952156.66666,0.16233766233766245,0.05294117647058827,0.0,0.0,32.21722052215193,0.31,0.00041233335175632375,SYARIAH OK,358.0,393.4160808424946,410.549925469064,425.22,23.285167139192236,348.0,482.0,32.21722052215193,HINDARI (downtrend),398.9073418994679,417.53547561082166,336.3574164304039,558.9349435463844,707.3199616237046,855.704979701025,0.18071494947634753,-0.403839316952945,0.8888888888888888,45.95984157577204,74.72086064337519,84.49642597129096,34.98675244811874,63.78328026648782,59.40948198007737,LAYAK,,,,,"beda:roe,der",0.0,0.0,,0.0,HINDARI,0,123,998490.1279191388
PGAS,PGAS.JK,Perusahaan Gas Negara (Persero),Utilities,1440.0,8.04964,12307.692,8.18,0.0841,0.0973,0.37,-0.038,0.458,34907772420096,244,2026-09-28,46960798200.0,0.05494505494505497,-0.24010554089709768,0.0,0.0,37.480769681946526,0.17,0.016066597120534425,SYARIAH OK,1440.0,1474.404987259243,1514.8273008361732,1784.225,31.693732679695806,1415.0,1570.0,37.480769681946526,HINDARI (downtrend),1498.9804344963254,1524.335420640082,1399.1531336601522,1746.1756351882152,1977.5239695402572,2208.872303892299,0.07636129023563923,-0.0788906143209128,1.0,50.0,50.0,50.0,35.17806284516538,50.0,57.03561256903308,LAYAK,,,,,"beda:roe,net_margin,der",0.0,2.0,oil_gas,10.0,HINDARI,0,79,988940.0671414455
PSAB,PSAB.JK,J Resources Asia Pasifik Tbk.,Basic Materials,530.0,4.005744,33125.0,18.58,0.4202,-0.9891,0.11,0.21,,14023800127488,244,2026-09-28,46233136738.333336,0.37305699481865284,0.13733905579399153,1.0,1.0,42.83875625060119,0.07,0.00022165155656348452,SYARIAH OK,530.0,549.831093994932,534.401725523786,519.525,26.478762557268826,500.0,665.0,42.83875625060119,HINDARI (makro lemah),521.1623442451516,542.3453542909666,468.20481913061394,666.7955383101302,799.1893510964743,931.5831638828184,0.12387105660688154,0.024777480771857704,0.8888888888888888,70.66896200759717,79.30209739462272,46.71226459964646,83.90898762311758,30.24142775263164,55.81761622802021,LAYAK,,,,,"beda:net_margin,div_yield,der,debt_to_assets",0.0,-2.0,gold,-10.0,HINDARI,2,134,993483.1711487257
LSIP,LSIP.JK,PP London Sumatra Indonesia Tbk,Consumer Defensive,1500.0,4.9514756,0.71424353,5.16,0.1441,0.3644,,0.321,0.539,10229946253312,244,2026-09-28,16256938358.333334,0.16731517509727634,0.04166666666666674,0.0,1.0,39.130056275662255,2.117106626949146e-05,0.05007904993481147,NONHALAL >5% (5.0%),1500.0,1596.5484368925345,1528.6758786947466,1364.75,56.82475146815311,1485.0,1790.0,39.130056275662255,BUY ZONE,1500.2635029606702,1545.7233041351926,1386.6140000243638,1812.7996360355123,2096.923393376278,2381.0471507170437,0.09293132746470871,0.006252858291647903,0.8888888888888888,63.424923722032624,52.530754942676005,75.11681645972354,59.19551309030348,56.90265198417062,55.63094255082197,TIDAK LAYAK (rasio syariah),,,,,stockbit✓,0.0,-1.0,cpo,-5.0,HINDARI,2,62,986477.6854871387
KLBF,KLBF.JK,Kalbe Farma Tbk,Healthcare,720.0,9.045226,1.3391039,2.65,0.1484,0.0909,0.03,0.182,-0.004,32579178725376,244,2026-09-28,58745948475.0,-0.05882352941176472,-0.23404255319148937,0.0,0.0,36.72223556916372,0.02,0.0050728751091592295,SYARIAH OK,720.0,749.0277193565889,765.7507585875898,922.875,24.06142764443882,720.0,835.0,36.72223556916372,HINDARI (downtrend),753.7200447653704,772.9691868809214,705.5971894764928,886.0578968097838,1006.3650350319778,1126.6721732541719,0.07855502385926319,-0.3292000141777997,1.0,50.0,50.0,50.0,28.078942466693636,50.0,50.61578849333873,LAYAK,,,,,"beda:der,debt_to_assets",0.0,1.0,pharma,5.0,HINDARI,0,148,997105.5615855434
DRMA,DRMA.JK,Dharma Polimetal Tbk.,Consumer Cyclical,925.0,6.25,1.5948689,7.000000000000001,0.2548,0.0858,0.13,0.226,0.417,4352940965888,243,2026-09-28,678953775.0,0.0393258426966292,-0.041450777202072575,0.0,0.0,31.83609611887192,0.08,0.003300000086375098,SYARIAH OK,925.0,964.1066667338836,972.7475441774833,994.55,23.847953483532912,910.0,1040.0,31.83609611887192,HINDARI (downtrend),960.8235674357169,979.9019302225431,898.0760232582336,1122.0905860159828,1271.433627854482,1420.7766696929816,0.07676351522674774,-0.07528750042374022,1.0,70.0,56.666666666666664,50.0,33.84501876456536,30.0,50.435670419579736,TIDAK LAYAK (likuiditas tipis),,,,,"beda:net_margin,der,debt_to_assets",0.0,0.0,auto,0.0,HINDARI,1,122,998276.0649645762
SIDO,SIDO.JK,Industri Jamu dan Farmasi Sido ,Consumer Defensive,348.0,10.6781225,3.4199796,10.39,0.3213,0.2257,0.053,-0.205,-0.493,10243449815040,243,2026-09-28,9244065976.666666,-0.06451612903225812,-0.3307692307692308,0.0,0.0,42.706503622787636,0.0011162790697674418,0.007597448708335672,SYARIAH OK,348.0,351.4022290838066,359.9540987194123,450.83,5.724422896009307,346.0,366.0,42.706503622787636,HINDARI (downtrend),357.09188727140764,361.6714255882151,343.13778855199536,393.58671905424615,427.21933938908,460.85195972391386,0.046717929389450866,-0.0629781881774859,1.0,42.475404799888175,66.40930474670803,26.322691615730946,31.420589890038375,37.70796277585096,48.109893523394014,LAYAK,,,,,stockbit✓,0.0,1.0,pharma,5.0,HINDARI,0,539,998963.0362522426
DSSA,DSSA.JK,Dian Swastatika Sentosa Tbk,Energy,1055.0,42.2,87916.664,,0.1202,0.1187,0.85,-0.06,0.021,163242378788864,243,2026-09-28,476910016841.6667,0.32704402515723263,-0.5795137504982064,1.0,0.0,48.98718100651746,0.35,0.032375792403303544,"OK (waspada, 35% menuju 33%)",1055.0,1070.4384395247,1052.6294759792988,2196.18,66.2904220198843,960.0,1290.0,48.98718100651746,HINDARI (makro lemah),1019.4842649693567,1072.516602585264,886.903420929588,1384.0815860787204,1715.533696178142,2046.9858062775636,0.157440066834087,-0.10593873769662278,0.8888888888888888,49.15144341353113,57.435878873512316,35.57501518649993,50.62605429418952,85.79822188611551,44.97802699149108,LAYAK,,,,,"beda:roe,net_margin,der",0.0,-2.0,coal,-10.0,HINDARI,0,53,983749.862775083
DSNG,DSNG.JK,Dharma Satya Nusantara Tbk.,Consumer Defensive,1565.0,8.610255,1.3842318,2.76,0.1607,0.1678,0.27,0.001,0.043,16588754386944,243,2026-09-28,7964969050.0,0.4035874439461884,-0.021874999999999978,1.0,1.0,50.154071932409785,0.18,0.0010192686601197007,SYARIAH OK,1565.0,1593.9474671559697,1498.516104225654,1448.55,66.61538796820882,1485.0,1750.0,50.154071932409785,TREND (tahan/add),1491.6615387968209,1518.5007206161167,1331.9776343051321,1831.593044066698,2164.669983907742,2497.746923748786,0.11113558903431293,-0.12990983506951534,1.0,44.099671478079195,31.05994031061594,48.56049192454552,75.94608389304052,55.389385239978424,44.57160130046048,LAYAK,,,,,"beda:der,debt_to_assets",0.0,-1.0,cpo,-5.0,TAHAN,1,53,988572.3574482183
BOLT,BOLT.JK,Garuda Metalindo Tbk.,Industrials,780.0,12.242976,2.1655238,6.25,0.1649,0.0733,0.42,0.03,-0.039,1828124884992,243,2026-09-28,15443525.0,0.026315789473684292,-0.1235955056179775,0.0,0.0,44.04010089282759,0.22,0.0005411861986809711,SYARIAH OK,780.0,796.8453102456263,800.0898273369887,892.925,27.063593610518303,745.0,1010.0,44.04010089282759,HINDARI (downtrend),786.5580305317295,808.2089054201442,731.4682031947408,937.3330756214846,1074.5763239059804,1211.8195721904763,0.08576739985639797,0.044308661901467934,1.0,51.076297098523064,51.399019160262746,37.81505104155036,40.03982267569048,33.779405343303644,44.36596205756265,TIDAK LAYAK (likuiditas tipis),,,,,beda:der,0.0,0.0,auto,0.0,HINDARI,1,130,997629.1289302445
BUMI,BUMI.JK,Bumi Resources Tbk,Energy,180.0,30.716722,44999.996,,0.0675,0.0773,0.45,0.364,92.0,66840369823744,244,2026-09-28,576896558828.3334,0.33333333333333326,-0.20353982300884954,0.0,0.0,39.010967838497024,0.16,0.002692442669014589,SYARIAH OK,180.0,192.72072343993185,189.60494885671355,231.35,9.401580313489172,180.0,232.0,39.010967838497024,HINDARI (makro lemah),184.90415869996897,192.4254229507603,166.10099807299062,236.6128504241594,283.6207519916053,330.62865355905114,0.12396274952446051,-0.14913217580727325,0.8888888888888888,53.3755946880108,49.32227633616673,78.437358265347,28.147420305177164,71.92019636432416,43.85758501153049,LAYAK,,,,,"beda:roe,der,debt_to_assets",0.0,-2.0,coal,-10.0,HINDARI,0,379,997695.7028674704
JSMR,JSMR.JK,Jasa Marga (Persero) Tbk,Industrials,2690.0,5.2858067,0.5257516,5.26,0.0996,0.1703,2.15,-0.038,0.202,19523673522176,243,2026-09-28,7563347116.666667,-0.0073800738007380184,-0.13782051282051277,0.0,0.0,34.53047531066886,0.49,0.009924340872793725,LEWAT BATAS UTANG (49% > 45%),2690.0,2805.2832768793523,2833.6755239705135,3112.7,70.9711553102589,2670.0,3050.0,34.53047531066886,HINDARI (downtrend),2798.189946315384,2854.9668705635913,2634.5144223448706,3231.9977272217993,3630.319930473085,4028.642133724371,0.07028366513417199,0.025645659598742848,1.0,52.052026217843114,33.42929616786815,37.071092519411295,33.68270985875416,58.88940091409461,42.50094658320453,TIDAK LAYAK (rasio syariah),,,,,"beda:roe,net_margin,der",0.0,0.0,infra,0.0,HINDARI,1,45,992036.0169842434
BACH,BACH.JK,Bach Multi Global Tbk.,Industrials,346.0,9.081366,1.9582541,,0.0,0.0866,0.95,0.222,0.253,1413212798976,57,2026-09-28,72300731278.94737,,,0.0,0.0,24.663000510034564,0.3,0.0005504419708541828,SYARIAH OK,,,,,,,,,,,,,,,,,,0.7777777777777778,50.91183510786177,40.45082402849393,40.61743046774738,30.43074092964243,43.54791347611393,41.55161456159661,TIDAK LAYAK (riwayat kurang),,,,,beda:der,0.0,0.0,,0.0,HINDARI,0,0,0.0
ARCI,ARCI.JK,Archi Indonesia Tbk.,Basic Materials,1250.0,11.841607,78125.0,1.6199999999999999,0.3372,0.2722,1.19,0.824,1.054,31543749771264,243,2026-09-28,51963709125.0,0.4204545454545454,-0.11347517730496459,1.0,0.0,43.48471568847641,0.46,0.0005314956654670875,LEWAT BATAS UTANG (46% > 45%),1250.0,1314.6152986715083,1269.3294874798953,1413.6,56.59937623528519,1235.0,1475.0,43.48471568847641,HINDARI (makro lemah),1241.0297993622528,1286.309300350481,1127.8310468916823,1552.3263686563214,1835.3232498327475,2118.3201310091736,0.11147494955714106,0.1165929286272481,1.0,39.24782825212224,46.28830864540415,56.33225488274161,65.62912162503616,37.86881930160546,38.6400196770409,TIDAK LAYAK (rasio syariah),,,,,"beda:roe,net_margin,div_yield,der",0.0,-2.0,gold/silver,-10.0,HINDARI,2,63,998412.9967904317
MBMA,MBMA.JK,Merdeka Battery Materials Tbk.,Basic Materials,496.0,47.922703,33066.668,,0.038,0.0658,0.45,1.266,2.056,53565729013760,243,2026-09-28,59320892888.333336,0.07359307359307365,-0.25413533834586466,0.0,0.0,43.61131353859476,0.19,0.004780817124631477,SYARIAH OK,496.0,514.2245297414335,525.2191847663289,601.73,25.62503270085459,486.0,595.0,43.61131353859476,HINDARI (makro lemah),512.4066684159017,532.9066945765853,461.15660301419246,653.3443482706018,781.4695117748747,909.5946752791476,0.12197304213218721,-0.0638441937463569,0.8888888888888888,54.720351309172834,38.350867553715865,76.46062248062304,31.765292662070276,47.476124806919984,38.21137534126768,LAYAK,,,,,"beda:roe,net_margin,der,debt_to_assets",0.0,-2.0,nickel,-10.0,HINDARI,0,139,997326.2727172608
HRTA,HRTA.JK,Hartadinata Abadi Tbk.,Consumer Cyclical,2160.0,7.4446816,2.6627514,1.79,0.356,0.0195,1.11,0.652,0.341,9947366555648,243,2026-09-28,24936203991.666668,0.28189910979228494,-0.09623430962343094,1.0,0.0,47.32753013736376,0.37,0.0001302271815118735,"OK (waspada, 37% menuju 33%)",2160.0,2214.6463513310923,2170.507796892713,2265.35,90.3752935883953,2070.0,2470.0,47.32753013736376,HINDARI (makro lemah),2125.3201500985156,2197.6203849692315,1944.5695629217248,2622.3842648346895,3074.260732776666,3526.1372007186424,0.10409464287317473,-0.06581316262955848,1.0,30.0,43.333333333333336,50.0,57.00682934380476,70.0,37.73469920209429,LAYAK,,,,,"beda:roe,der,debt_to_assets",0.0,-2.0,gold,-10.0,HINDARI,1,39,986898.2059852761
SMMT,SMMT.JK,Golden Eagle Energy Tbk.,Energy,3500.0,162.03703,318181.8,,0.1155,0.0807,0.89,0.553,0.993,11987500138496,243,2026-09-28,1239433416.6666667,1.028985507246377,2.0172413793103448,1.0,1.0,80.78010617726605,0.23,0.0018845869447055453,SYARIAH OK,3500.0,2960.891410383855,2399.95020863003,1726.85,209.41280113615608,1960.0,3550.0,80.78010617726605,HINDARI (makro lemah),2295.2438080619518,2462.7740489708767,1855.2935994319218,3489.263427026246,4578.576645422462,5667.889863818678,0.22694496212445003,0.2656466213500726,0.8888888888888888,18.871181867107556,35.50984139531935,55.87116609175803,89.15825514401911,35.50299060322886,35.13303034865858,TIDAK LAYAK (likuiditas tipis),,,,,"beda:roe,net_margin,der,debt_to_assets",0.0,-2.0,coal,-10.0,HINDARI,1,16,971968.7192623278
BRMS,BRMS.JK,Bumi Resources Minerals Tbk.,Basic Materials,620.0,123.505974,68888.89,,0.0299,-0.1758,0.22,-0.543,,87906102280192,243,2026-09-28,244327569305.0,0.3080168776371308,-0.12676056338028174,0.0,0.0,37.35156271857207,0.2,0.0023769466834892058,SYARIAH OK,620.0,684.1750591514299,668.3979622370614,806.6,33.70282514762547,620.0,785.0,37.35156271857207,HINDARI (makro lemah),651.5465496632487,678.508809781349,584.1408993679977,836.9120879751888,1005.4262137133162,1173.9403394514436,0.12605822822538792,-0.10973756017761428,0.7777777777777778,31.038998827718586,45.0402322664657,34.383256848320684,34.50871586739215,84.91322173281878,33.81602273419542,LAYAK,,,,,"beda:roe,net_margin,der,debt_to_assets",0.0,-2.0,gold/silver,-10.0,HINDARI,0,105,990863.0593401885
ADMR,ADMR.JK,Alamtri Minerals Indonesia Tbk.,Basic Materials,1525.0,11.376352,38125.0,3.17,0.1757,0.2733,1.13,0.297,0.153,62345556525056,243,2026-09-28,48297613566.666664,0.13382899628252787,-0.2258883248730964,0.0,0.0,42.50260055412384,0.45,0.025801995584553337,"OK (waspada, 45% menuju 33%)",1525.0,1561.4295204623388,1587.2949458175372,1686.875,56.99588340682216,1505.0,1785.0,42.50260055412384,HINDARI (makro lemah),1558.7970041141261,1604.3937108395837,1444.8052373004818,1872.2743628516478,2157.2537798857584,2442.233196919869,0.0897688919709033,-0.2662196336273289,1.0,54.323859603389174,41.01849413979154,36.11160118866821,25.944731927907426,49.500406406024126,31.866335960580514,LAYAK,,,,,"beda:der,debt_to_assets",0.0,-2.0,coal,-10.0,HINDARI,0,62,989448.5359424315
IATA,IATA.JK,Karya Pacific Energy Tbk.,Energy,94.0,52.51397,23499.998,,0.0221,0.0416,0.52,-0.327,-0.877,2939927920640,243,2026-09-28,101555551526.66667,0.5161290322580645,0.28767123287671237,0.0,1.0,36.67169334405871,0.29,0.002850899489886425,SYARIAH OK,94.0,109.437266160051,105.63634606490186,93.0,9.566723523880938,90.0,145.0,36.67169334405871,HINDARI (makro lemah),100.85298430296139,108.50636312206613,81.71953725519951,153.46996368430655,201.30358130371124,249.13719892311593,0.22640700573842368,-0.14662387649263445,0.8888888888888888,51.88812572748682,36.666079939095766,26.584933573199695,49.15650258462154,38.30047862196848,31.702663762845184,LAYAK,,,,,"beda:der,debt_to_assets",0.0,-2.0,coal,-10.0,HINDARI,0,373,999148.6048341249
